<?xml version="1.0" encoding="UTF-8"?>
<jcr:root xmlns:sling="http://sling.apache.org/jcr/sling/1.0" xmlns:cq="http://www.day.com/jcr/cq/1.0" xmlns:jcr="http://www.jcp.org/jcr/1.0" xmlns:nt="http://www.jcp.org/jcr/nt/1.0"
    jcr:primaryType="nt:unstructured"
    jcr:title="Hello User Dialog"
    sling:resourceType="/libs/cq/gui/components/authoring/dialog">
    <content
        jcr:primaryType="nt:unstructured"
        sling:resourceType="/libs/granite/ui/components/coral/foundation/fixedcolumns">
        <items jcr:primaryType="nt:unstructured">
            <column1
                jcr:primaryType="nt:unstructured"
                sling:resourceType="/libs/granite/ui/components/coral/foundation/container">
                <items jcr:primaryType="nt:unstructured">
                    <tabs
                        jcr:primaryType="nt:unstructured"
                        jcr:title="Tab1"
                        sling:resourceType="/libs/granite/ui/components/coral/foundation/tabs">
                        <items jcr:primaryType="nt:unstructured">
                            <tab1
                                jcr:primaryType="nt:unstructured"
                                jcr:title="Tab1"
                                sling:resourceType="/libs/granite/ui/components/coral/foundation/container"
                                fieldLabel="Tab1">
                                <items jcr:primaryType="nt:unstructured">
                                    <text
                                        jcr:primaryType="nt:unstructured"
                                        jcr:title="Enter text"
                                        sling:resourceType="/libs/granite/ui/components/coral/foundation/form/textfield"
                                        fieldLabel="Enter text"
                                        name="./text1"/>
                                </items>
                            </tab1>
                            <tab2
                                jcr:primaryType="nt:unstructured"
                                jcr:title="Tab2"
                                sling:resourceType="/libs/granite/ui/components/coral/foundation/container">
                                <items jcr:primaryType="nt:unstructured">
                                    <text
                                        jcr:primaryType="nt:unstructured"
                                        jcr:title="Text"
                                        sling:resourceType="/libs/granite/ui/components/coral/foundation/form/textfield"
                                        fieldLabel="Enter text"
                                        name="./text2"/>
                                </items>
                            </tab2>
                        </items>
                    </tabs>
                </items>
            </column1>
        </items>
    </content>
</jcr:root>
