<?xml version="1.0" encoding="UTF-8"?>
<jcr:root xmlns:sling="http://sling.apache.org/jcr/sling/1.0" xmlns:cq="http://www.day.com/jcr/cq/1.0" xmlns:jcr="http://www.jcp.org/jcr/1.0" xmlns:nt="http://www.jcp.org/jcr/nt/1.0"
    jcr:primaryType="nt:unstructured"
    jcr:title="Social Share"
    sling:resourceType="granite/ui/components/coral/foundation/form/fieldset">
    <items jcr:primaryType="nt:unstructured">
        <accordion
            jcr:primaryType="nt:unstructured"
            sling:resourceType="granite/ui/components/coral/foundation/accordion"
            variant="quiet">
            <items jcr:primaryType="nt:unstructured">
                <facebook
                    jcr:primaryType="nt:unstructured"
                    jcr:title="Facebook"
                    sling:resourceType="granite/ui/components/coral/foundation/well">
                    <parentConfig
                        jcr:primaryType="nt:unstructured"
                        active="{Boolean}false"/>
                    <items jcr:primaryType="nt:unstructured">
                        <share
                            cq:showOnCreate="{Boolean}true"
                            jcr:primaryType="nt:unstructured"
                            sling:resourceType="/libs/granite/ui/components/coral/foundation/form/checkbox"
                            name="./socialshare/facebook/share"
                            text="Enable Share Metadata?"
                            uncheckedValue="{Boolean}false"
                            value="{Boolean}true"/>
                        <siteName
                            cq:showOnCreate="{Boolean}true"
                            jcr:primaryType="nt:unstructured"
                            sling:resourceType="/libs/granite/ui/components/coral/foundation/form/textfield"
                            fieldDescription="Enter Site Name"
                            fieldLabel="Site Name"
                            name="./socialshare/facebook/siteName"/>
                        <siteUrl
                            cq:showOnCreate="{Boolean}true"
                            jcr:primaryType="nt:unstructured"
                            sling:resourceType="/libs/granite/ui/components/coral/foundation/form/textfield"
                            fieldDescription="Enter Site URL"
                            fieldLabel="Site URL"
                            name="./socialshare/facebook/siteUrl"/>
                        <appID
                            cq:showOnCreate="{Boolean}true"
                            jcr:primaryType="nt:unstructured"
                            sling:resourceType="/libs/granite/ui/components/coral/foundation/form/textfield"
                            fieldDescription="Enter App ID"
                            fieldLabel="App ID"
                            name="./socialshare/facebook/appID"/>
                        <contentType
                            cq:showOnCreate="{Boolean}true"
                            jcr:primaryType="nt:unstructured"
                            sling:resourceType="/libs/granite/ui/components/coral/foundation/form/select"
                            fieldDescription="Select Content Type"
                            fieldLabel="Content Type"
                            name="./socialshare/facebook/contentType">
                            <items jcr:primaryType="nt:unstructured">
                                <type1
                                    jcr:primaryType="nt:unstructured"
                                    text="type1"
                                    value="type1"/>
                                <type2
                                    jcr:primaryType="nt:unstructured"
                                    text="type2"
                                    value="type2"/>
                            </items>
                        </contentType>
                        <shareTitle
                            cq:showOnCreate="{Boolean}true"
                            jcr:primaryType="nt:unstructured"
                            sling:resourceType="/libs/granite/ui/components/coral/foundation/form/textfield"
                            fieldDescription="Enter Share Title"
                            fieldLabel="Share Title"
                            name="./socialshare/facebook/shareTitle"/>
                        <shareDescription
                            cq:showOnCreate="{Boolean}true"
                            jcr:primaryType="nt:unstructured"
                            sling:resourceType="/libs/granite/ui/components/coral/foundation/form/textarea"
                            fieldDescription="Enter Share Description"
                            fieldLabel="Share Description"
                            name="./socialshare/facebook/shareDescription"/>
                        <shareImage
                            cq:showOnCreate="{Boolean}true"
                            jcr:primaryType="nt:unstructured"
                            sling:resourceType="/libs/granite/ui/components/coral/foundation/form/pathfield"
                            fieldDescription="Select Path"
                            fieldLabel="Share Image"
                            name="./socialshare/facebook/fileReference"
                            rootPath="/content/dam"/>
                    </items>
                </facebook>
                <twitter
                    jcr:primaryType="nt:unstructured"
                    jcr:title="Twitter"
                    sling:resourceType="granite/ui/components/coral/foundation/well">
                    <parentConfig
                        jcr:primaryType="nt:unstructured"
                        active="{Boolean}false"/>
                    <items jcr:primaryType="nt:unstructured">
                        <share
                            cq:showOnCreate="{Boolean}true"
                            jcr:primaryType="nt:unstructured"
                            sling:resourceType="/libs/granite/ui/components/coral/foundation/form/checkbox"
                            name="./socialshare/twitter/share"
                            text="Enable Share Metadata?"
                            uncheckedValue="{Boolean}false"
                            value="{Boolean}true"/>
                        <siteName
                            cq:showOnCreate="{Boolean}true"
                            jcr:primaryType="nt:unstructured"
                            sling:resourceType="/libs/granite/ui/components/coral/foundation/form/textfield"
                            fieldDescription="Enter Site Name"
                            fieldLabel="Site Name"
                            name="./socialshare/twitter/siteName"/>
                        <shareTitle
                            cq:showOnCreate="{Boolean}true"
                            jcr:primaryType="nt:unstructured"
                            sling:resourceType="/libs/granite/ui/components/coral/foundation/form/textfield"
                            fieldDescription="Enter Share Title"
                            fieldLabel="Share Title"
                            name="./socialshare/twitter/shareTitle"/>
                        <shareDescription
                            cq:showOnCreate="{Boolean}true"
                            jcr:primaryType="nt:unstructured"
                            sling:resourceType="/libs/granite/ui/components/coral/foundation/form/textarea"
                            fieldDescription="Enter Share Description"
                            fieldLabel="Share Description"
                            name="./socialshare/twitter/shareDescription"/>
                        <shareImage
                            cq:showOnCreate="{Boolean}true"
                            jcr:primaryType="nt:unstructured"
                            sling:resourceType="/libs/granite/ui/components/coral/foundation/form/pathfield"
                            fieldDescription="Select Path"
                            fieldLabel="Share Image"
                            name="./socialshare/twitter/fileReference"
                            rootPath="/content/dam"/>
                        <imageOptions
                            cq:showOnCreate="{Boolean}true"
                            jcr:primaryType="nt:unstructured"
                            sling:resourceType="/libs/granite/ui/components/coral/foundation/form/select"
                            fieldDescription="Select Image Options"
                            fieldLabel="Image Options"
                            name="./socialshare/twitter/imageOptions">
                            <items jcr:primaryType="nt:unstructured">
                                <type1
                                    jcr:primaryType="nt:unstructured"
                                    text="type1"
                                    value="type1"/>
                                <type2
                                    jcr:primaryType="nt:unstructured"
                                    text="type2"
                                    value="type2"/>
                            </items>
                        </imageOptions>
                    </items>
                </twitter>
                <linkedIn
                    jcr:primaryType="nt:unstructured"
                    jcr:title="LinkedIn"
                    sling:resourceType="granite/ui/components/coral/foundation/well">
                    <parentConfig
                        jcr:primaryType="nt:unstructured"
                        active="{Boolean}false"/>
                    <items jcr:primaryType="nt:unstructured">
                        <share
                            cq:showOnCreate="{Boolean}true"
                            jcr:primaryType="nt:unstructured"
                            sling:resourceType="/libs/granite/ui/components/coral/foundation/form/checkbox"
                            name="./socialshare/linkedin/share"
                            text="Enable Share Metadata?"
                            uncheckedValue="{Boolean}false"
                            value="{Boolean}true"/>
                        <shareTitle
                            cq:showOnCreate="{Boolean}true"
                            jcr:primaryType="nt:unstructured"
                            sling:resourceType="/libs/granite/ui/components/coral/foundation/form/textfield"
                            fieldDescription="Enter Share Title"
                            fieldLabel="Share Title"
                            name="./socialshare/linkedin/shareTitle"/>
                        <shareDescription
                            cq:showOnCreate="{Boolean}true"
                            jcr:primaryType="nt:unstructured"
                            sling:resourceType="/libs/granite/ui/components/coral/foundation/form/textarea"
                            fieldDescription="Enter Share Description"
                            fieldLabel="Share Description"
                            name="./socialshare/linkedin/shareDescription"/>
                        <shareImage
                            cq:showOnCreate="{Boolean}true"
                            jcr:primaryType="nt:unstructured"
                            sling:resourceType="/libs/granite/ui/components/coral/foundation/form/pathfield"
                            fieldDescription="Select Path"
                            fieldLabel="Share Image"
                            name="./socialshare/linkedin/fileReference"
                            rootPath="/content/dam"/>
                    </items>
                </linkedIn>
                <share
                    jcr:primaryType="nt:unstructured"
                    jcr:title="Share"
                    sling:resourceType="granite/ui/components/coral/foundation/well">
                    <parentConfig
                        jcr:primaryType="nt:unstructured"
                        active="{Boolean}false"/>
                    <items jcr:primaryType="nt:unstructured">
                        <share
                            cq:showOnCreate="{Boolean}true"
                            jcr:primaryType="nt:unstructured"
                            sling:resourceType="/libs/granite/ui/components/coral/foundation/form/checkbox"
                            name="./socialshare/share/share"
                            text="Enable Share Metadata?"
                            uncheckedValue="{Boolean}false"
                            value="{Boolean}true"/>
                        <shareTitle
                            cq:showOnCreate="{Boolean}true"
                            jcr:primaryType="nt:unstructured"
                            sling:resourceType="/libs/granite/ui/components/coral/foundation/form/textfield"
                            fieldDescription="Enter Share Title"
                            fieldLabel="Share Title"
                            name="./socialshare/share/shareTitle"/>
                    </items>
                </share>
            </items>
        </accordion>
    </items>
</jcr:root>
