<?xml version="1.0" encoding="UTF-8"?>
<jcr:root xmlns:sling="http://sling.apache.org/jcr/sling/1.0" xmlns:cq="http://www.day.com/jcr/cq/1.0" xmlns:jcr="http://www.jcp.org/jcr/1.0" xmlns:nt="http://www.jcp.org/jcr/nt/1.0"
    jcr:primaryType="nt:unstructured"
    jcr:title="Company"
    sling:resourceType="/libs/cq/gui/components/authoring/dialog">
    <content
        jcr:primaryType="nt:unstructured"
        sling:resourceType="/libs/granite/ui/components/coral/foundation/container">
        <items jcr:primaryType="nt:unstructured">
            <field
                jcr:primaryType="nt:unstructured"
                sling:resourceType="/libs/granite/ui/components/coral/foundation/container">
                <items jcr:primaryType="nt:unstructured">
                    <year
                        jcr:primaryType="nt:unstructured"
                        sling:resourceType="/libs/granite/ui/components/coral/foundation/form/numberfield"
                        fieldDescription="Enter year in the desired box"
                        fieldLabel="Enter year"
                        name="./age"/>
                    <companydetails
                        jcr:primaryType="nt:unstructured"
                        sling:resourceType="/libs/granite/ui/components/coral/foundation/form/multifield"
                        composite="{Boolean}true"
                        fieldLabel="Add Company Details">
                        <field
                            jcr:primaryType="nt:unstructured"
                            sling:resourceType="/libs/granite/ui/components/coral/foundation/container">
                            <items jcr:primaryType="nt:unstructured">
                                <companyName
                                    jcr:primaryType="nt:unstructured"
                                    sling:resourceType="/libs/granite/ui/components/coral/foundation/form/textfield"
                                    fieldLabel="Company Name"
                                    name="./cname"/>
                                <department
                                    jcr:primaryType="nt:unstructured"
                                    sling:resourceType="/libs/granite/ui/components/coral/foundation/form/multifield"
                                    composite="{Boolean}true"
                                    fieldLabel="Add Department Details">
                                    <field
                                        jcr:primaryType="nt:unstructured"
                                        sling:resourceType="/libs/granite/ui/components/coral/foundation/container">
                                        <items jcr:primaryType="nt:unstructured">
                                            <companyName
                                                jcr:primaryType="nt:unstructured"
                                                sling:resourceType="/libs/granite/ui/components/coral/foundation/form/textfield"
                                                fieldLabel="Department Name"
                                                name="./dname"/>
                                            <manager
                                                jcr:primaryType="nt:unstructured"
                                                sling:resourceType="/libs/granite/ui/components/coral/foundation/form/textfield"
                                                fieldLabel="Manager Name"
                                                name="./mname"/>
                                        </items>
                                    </field>
                                </department>
                            </items>
                        </field>
                    </companydetails>
                </items>
            </field>
        </items>
    </content>
</jcr:root>
