<?xml version="1.0" encoding="UTF-8"?>
<jcr:root xmlns:sling="http://sling.apache.org/jcr/sling/1.0" xmlns:cq="http://www.day.com/jcr/cq/1.0" xmlns:jcr="http://www.jcp.org/jcr/1.0" xmlns:nt="http://www.jcp.org/jcr/nt/1.0"
    jcr:primaryType="nt:unstructured"
    jcr:title="MultiField"
    sling:resourceType="/libs/cq/gui/components/authoring/dialog">
    <content
        jcr:primaryType="nt:unstructured"
        sling:resourceType="/libs/granite/ui/components/coral/foundation/container">
        <items jcr:primaryType="nt:unstructured">
            <tabs
                jcr:primaryType="nt:unstructured"
                sling:resourceType="/libs/granite/ui/components/coral/foundation/tabs">
                <items jcr:primaryType="nt:unstructured">
                    <tab1
                        jcr:primaryType="nt:unstructured"
                        jcr:title="tab1"
                        sling:resourceType="/libs/granite/ui/components/coral/foundation/container">
                        <items jcr:primaryType="nt:unstructured">
                            <movieDetails
                                jcr:primaryType="nt:unstructured"
                                sling:resourceType="/libs/granite/ui/components/coral/foundation/form/multifield"
                                composite="{Boolean}true"
                                fieldLabel="Movie Details">
                                <field
                                    jcr:primaryType="nt:unstructured"
                                    sling:resourceType="/libs/granite/ui/components/coral/foundation/container">
                                    <items jcr:primaryType="nt:unstructured">
                                        <movieName
                                            jcr:primaryType="nt:unstructured"
                                            sling:resourceType="/libs/granite/ui/components/coral/foundation/form/textfield"
                                            fieldLabel="Movie Name"
                                            name="./name"/>
                                        <moviePlot
                                            jcr:primaryType="nt:unstructured"
                                            sling:resourceType="/libs/granite/ui/components/coral/foundation/form/textarea"
                                            fieldLabel="Movie Plot"
                                            name="./plot"/>
                                        <Rating
                                            jcr:primaryType="nt:unstructured"
                                            sling:resourceType="/libs/granite/ui/components/coral/foundation/form/numberfield"
                                            fieldLabel="Movie Rating"
                                            name="./rating"/>
                                        <genre
                                            jcr:primaryType="nt:unstructured"
                                            sling:resourceType="/libs/granite/ui/components/coral/foundation/form/select"
                                            fieldDescription="Chose genre using dropdown"
                                            fieldLabel="Chose genre"
                                            name="./genre"/>
                                        <poster
                                            jcr:primaryType="nt:unstructured"
                                            sling:resourceType="/libs/granite/ui/components/coral/foundation/form/pathfield"
                                            fieldDescription="Chose poster image path"
                                            fieldLabel="Poster Path"
                                            name="./poster "/>
                                    </items>
                                </field>
                            </movieDetails>
                        </items>
                    </tab1>
                </items>
            </tabs>
        </items>
    </content>
</jcr:root>
