<?xml version="1.0" encoding="UTF-8"?>
<jcr:root xmlns:sling="http://sling.apache.org/jcr/sling/1.0" xmlns:granite="http://www.adobe.com/jcr/granite/1.0" xmlns:cq="http://www.day.com/jcr/cq/1.0" xmlns:jcr="http://www.jcp.org/jcr/1.0" xmlns:nt="http://www.jcp.org/jcr/nt/1.0"
    jcr:primaryType="nt:unstructured"
    jcr:title="Text"
    sling:resourceType="cq/gui/components/authoring/dialog">
    <content
        jcr:primaryType="nt:unstructured"
        sling:resourceType="granite/ui/components/coral/foundation/container">
        <items jcr:primaryType="nt:unstructured">
            <tabs
                jcr:primaryType="nt:unstructured"
                sling:resourceType="granite/ui/components/coral/foundation/tabs"
                maximized="{Boolean}true">
                <items jcr:primaryType="nt:unstructured">
                    <plugins
                        jcr:primaryType="nt:unstructured"
                        jcr:title="Plugins"
                        margin="{Boolean}true">
                        <items jcr:primaryType="nt:unstructured">
                            <styleformat
                                granite:class="js-cq-IPEPlugin-group"
                                jcr:primaryType="nt:unstructured"
                                jcr:title="List and Link Styles"
                                sling:resourceType="granite/ui/components/coral/foundation/container"
                                maximized="{Boolean}true">
                                <items jcr:primaryType="nt:unstructured">
                                    <styles
                                        jcr:primaryType="nt:unstructured"
                                        jcr:title="Enable Plugin (Show in Rich Text Editor)"
                                        sling:resourceType="cq/gui/components/authoring/dialog/inplaceediting/configuration/pluginfeature"
                                        features="*"
                                        name="styles"/>
                                </items>
                                <granite:data
                                    jcr:primaryType="nt:unstructured"
                                    name="styleformat"
                                    plugin-root-name="rtePlugins"/>
                            </styleformat>
                        </items>
                    </plugins>
                    <styletab
                        jcr:primaryType="nt:unstructured"
                        sling:resourceType="granite/ui/components/coral/foundation/include"
                        path="/mnt/overlay/cq/gui/components/authoring/dialog/style/tab_design/styletab"/>
                    <liststyleplugindatasource
                        jcr:primaryType="nt:unstructured"
                        jcr:title="Link/List Styles"
                        sling:resourceType="granite/ui/components/foundation/section">
                        <layout
                            jcr:primaryType="nt:unstructured"
                            sling:resourceType="granite/ui/components/foundation/layouts/fixedcolumns"
                            margin="{Boolean}false"/>
                        <items jcr:primaryType="nt:unstructured">
                            <column
                                jcr:primaryType="nt:unstructured"
                                sling:resourceType="granite/ui/components/foundation/container">
                                <items jcr:primaryType="nt:unstructured">
                                    <listStyles
                                        jcr:primaryType="nt:unstructured"
                                        sling:resourceType="granite/ui/components/coral/foundation/form/multifield"
                                        composite="{Boolean}true"
                                        fieldLabel="Click Add to add icons"
                                        useFixedInlineToolbar="{Boolean}true">
                                        <granite:data
                                            jcr:primaryType="nt:unstructured"
                                            maxLinksAllowed="5"/>
                                        <field
                                            jcr:primaryType="nt:unstructured"
                                            sling:resourceType="granite/ui/components/coral/foundation/container"
                                            name="./listStyles">
                                            <items jcr:primaryType="nt:unstructured">
                                                <columns
                                                    jcr:primaryType="nt:unstructured"
                                                    sling:resourceType="granite/ui/components/coral/foundation/container">
                                                    <items jcr:primaryType="nt:unstructured">
                                                        <styleText
                                                            jcr:primaryType="nt:unstructured"
                                                            sling:resourceType="granite/ui/components/coral/foundation/form/textfield"
                                                            fieldLabel="Style Text"
                                                            name="./styleText"/>
                                                        <styleValue
                                                            jcr:primaryType="nt:unstructured"
                                                            sling:resourceType="granite/ui/components/coral/foundation/form/textfield"
                                                            fieldLabel="Style Value"
                                                            name="./styleValue"/>
                                                    </items>
                                                </columns>
                                            </items>
                                        </field>
                                    </listStyles>
                                </items>
                            </column>
                        </items>
                    </liststyleplugindatasource>
                </items>
            </tabs>
        </items>
    </content>
</jcr:root>
