<?xml version="1.0" encoding="UTF-8"?>
<jcr:root xmlns:sling="http://sling.apache.org/jcr/sling/1.0" xmlns:cq="http://www.day.com/jcr/cq/1.0" xmlns:jcr="http://www.jcp.org/jcr/1.0" xmlns:nt="http://www.jcp.org/jcr/nt/1.0"
    jcr:primaryType="nt:unstructured"
    jcr:title="Article Info"
    sling:resourceType="granite/ui/components/coral/foundation/form/fieldset">
    <items jcr:primaryType="nt:unstructured">
        <accordion
            jcr:primaryType="nt:unstructured"
            sling:resourceType="granite/ui/components/coral/foundation/accordion"
            variant="quiet">
            <items jcr:primaryType="nt:unstructured">
                <column
                    jcr:primaryType="nt:unstructured"
                    jcr:title="Click to expand"
                    sling:resourceType="granite/ui/components/coral/foundation/well">
                    <parentConfig
                        jcr:primaryType="nt:unstructured"
                        active="{Boolean}true"/>
                    <items jcr:primaryType="nt:unstructured">
                        <featuredMediaType
                            cq:showOnCreate="{Boolean}true"
                            jcr:primaryType="nt:unstructured"
                            sling:resourceType="cq/gui/components/coral/common/form/tagfield"
                            fieldLabel="Featured Media Type"
                            multiple="{Boolean}true"
                            name="./articleinfo/featuredMediaType"/>
                        <articleCategory
                            cq:showOnCreate="{Boolean}true"
                            jcr:primaryType="nt:unstructured"
                            sling:resourceType="cq/gui/components/coral/common/form/tagfield"
                            fieldLabel="Article Category"
                            multiple="{Boolean}true"
                            name="./articleinfo/articleCategory"/>
                        <hyperlinkedTitle
                            cq:showOnCreate="{Boolean}true"
                            jcr:primaryType="nt:unstructured"
                            sling:resourceType="/libs/granite/ui/components/coral/foundation/form/checkbox"
                            name="./articleinfo/hyperlinkedTitle"
                            text="Hyperlinked Title"
                            uncheckedValue="{Boolean}false"
                            value="{Boolean}true"/>
                        <disableDynamicPulling
                            cq:showOnCreate="{Boolean}true"
                            jcr:primaryType="nt:unstructured"
                            sling:resourceType="/libs/granite/ui/components/coral/foundation/form/checkbox"
                            name="./articleinfo/disableDynamicPulling"
                            text="Disable Dynamic Pulling"
                            uncheckedValue="{Boolean}false"
                            value="{Boolean}true"/>
                    </items>
                </column>
            </items>
        </accordion>
    </items>
</jcr:root>
