<?xml version="1.0" encoding="UTF-8"?>
<jcr:root xmlns:sling="http://sling.apache.org/jcr/sling/1.0" xmlns:granite="http://www.adobe.com/jcr/granite/1.0" xmlns:cq="http://www.day.com/jcr/cq/1.0" xmlns:jcr="http://www.jcp.org/jcr/1.0" xmlns:nt="http://www.jcp.org/jcr/nt/1.0"
    jcr:primaryType="nt:unstructured"
    jcr:title="Enter the Details"
    sling:resourceType="cq/gui/components/authoring/dialog">
    <content
        jcr:primaryType="nt:unstructured"
        sling:resourceType="granite/ui/components/coral/foundation/container">
        <items jcr:primaryType="nt:unstructured">
            <tabs
                jcr:primaryType="nt:unstructured"
                sling:resourceType="granite/ui/components/coral/foundation/tabs"
                maximized="{Boolean}true">
                <items jcr:primaryType="nt:unstructured">
                    <properties
                        jcr:primaryType="nt:unstructured"
                        jcr:title="Properties"
                        sling:resourceType="granite/ui/components/coral/foundation/container"
                        margin="{Boolean}true">
                        <items jcr:primaryType="nt:unstructured">
                            <columns
                                jcr:primaryType="nt:unstructured"
                                sling:resourceType="granite/ui/components/coral/foundation/fixedcolumns"
                                margin="{Boolean}true">
                                <items jcr:primaryType="nt:unstructured">
                                    <column
                                        granite:class="cq-RichText-FixedColumn-column"
                                        jcr:primaryType="nt:unstructured"
                                        sling:resourceType="granite/ui/components/coral/foundation/container">
                                        <items jcr:primaryType="nt:unstructured">
                                            <firstname
                                                jcr:primaryType="nt:unstructured"
                                                sling:resourceType="cq/gui/components/authoring/dialog/richtext"
                                                fieldDescription="Enter First Name"
                                                fieldLabel="First Name"
                                                name="./firstname"
                                                useFixedInlineToolbar="{Boolean}true"/>
                                            <lastname
                                                jcr:primaryType="nt:unstructured"
                                                sling:resourceType="/libs/granite/ui/components/coral/foundation/form/textfield"
                                                fieldDescription="Enter Last Name"
                                                fieldLabel="Last Name"
                                                name="./lastname"/>
                                            <skills
                                                jcr:primaryType="nt:unstructured"
                                                sling:resourceType="/libs/granite/ui/components/coral/foundation/form/multifield"
                                                fieldLabel="Add Skills">
                                                <field
                                                    jcr:primaryType="nt:unstructured"
                                                    sling:resourceType="/libs/granite/ui/components/coral/foundation/form/textfield"
                                                    name="./skills"/>
                                            </skills>
                                            <projects
                                                jcr:primaryType="nt:unstructured"
                                                sling:resourceType="/libs/granite/ui/components/coral/foundation/form/multifield"
                                                composite="{Boolean}true"
                                                fieldLabel="Add Projects">
                                                <field
                                                    jcr:primaryType="nt:unstructured"
                                                    sling:resourceType="granite/ui/components/coral/foundation/container"
                                                    name="./projects">
                                                    <items jcr:primaryType="nt:unstructured">
                                                        <name
                                                            jcr:primaryType="nt:unstructured"
                                                            sling:resourceType="/libs/granite/ui/components/coral/foundation/form/textfield"
                                                            fieldDescription="Enter Project Name"
                                                            fieldLabel="Project Name"
                                                            name="./pname"/>
                                                        <code
                                                            jcr:primaryType="nt:unstructured"
                                                            sling:resourceType="/libs/granite/ui/components/coral/foundation/form/textfield"
                                                            fieldDescription="Enter Code"
                                                            fieldLabel="Project Code"
                                                            name="./code"/>
                                                    </items>
                                                </field>
                                            </projects>
                                        </items>
                                    </column>
                                </items>
                            </columns>
                        </items>
                    </properties>
                </items>
            </tabs>
        </items>
    </content>
</jcr:root>
