<?xml version="1.0" encoding="UTF-8"?>
<jcr:root xmlns:sling="http://sling.apache.org/jcr/sling/1.0" xmlns:cq="http://www.day.com/jcr/cq/1.0" xmlns:jcr="http://www.jcp.org/jcr/1.0" xmlns:nt="http://www.jcp.org/jcr/nt/1.0"
    jcr:primaryType="nt:unstructured"
    jcr:title="Hello User Dialog"
    sling:resourceType="/libs/cq/gui/components/authoring/dialog">
    <content
        jcr:primaryType="nt:unstructured"
        sling:resourceType="/libs/granite/ui/components/coral/foundation/fixedcolumns">
        <items jcr:primaryType="nt:unstructured">
            <column1
                jcr:primaryType="nt:unstructured"
                sling:resourceType="/libs/granite/ui/components/coral/foundation/container">
                <items jcr:primaryType="nt:unstructured">
                    <text
                        jcr:primaryType="nt:unstructured"
                        sling:resourceType="/libs/granite/ui/components/coral/foundation/form/textfield"
                        fieldDescription="Enter username in the desired box"
                        fieldLabel="Enter user name"
                        name="./username"/>
                    <password
                        jcr:primaryType="nt:unstructured"
                        sling:resourceType="/libs/granite/ui/components/coral/foundation/form/password"
                        fieldDescription="Enter password in the desired box"
                        fieldLabel="Enter password"
                        name="./password"/>
                    <date
                        jcr:primaryType="nt:unstructured"
                        sling:resourceType="/libs/granite/ui/components/coral/foundation/form/datepicker"
                        fieldDescription="Enter date of birth in the desired box"
                        fieldLabel="Enter DOB"
                        name="./date"/>
                    <path
                        jcr:primaryType="nt:unstructured"
                        sling:resourceType="/libs/granite/ui/components/coral/foundation/form/pathfield"
                        fieldDescription="Enter path"
                        fieldLabel="Enter user path"
                        name="./path"/>
                    <user
                        jcr:primaryType="nt:unstructured"
                        sling:resourceType="/libs/granite/ui/components/coral/foundation/form/userpicker"
                        fieldDescription="Chose user"
                        fieldLabel="Chose user"
                        name="./user"/>
                    <summary
                        jcr:primaryType="nt:unstructured"
                        sling:resourceType="cq/gui/components/authoring/dialog/richtext"
                        fieldDescription="Write summary in in given field"
                        fieldLabel="Write summary"
                        name="./summary"
                        useFixedInlineToolbar="{Boolean}true"/>
                </items>
            </column1>
            <column2
                jcr:primaryType="nt:unstructured"
                sling:resourceType="/libs/granite/ui/components/coral/foundation/container">
                <items jcr:primaryType="nt:unstructured">
                    <address
                        jcr:primaryType="nt:unstructured"
                        sling:resourceType="/libs/granite/ui/components/coral/foundation/form/textarea"
                        fieldDescription="Enter address details here "
                        fieldLabel="Enter user Address"
                        name="./address"/>
                    <age
                        jcr:primaryType="nt:unstructured"
                        sling:resourceType="/libs/granite/ui/components/coral/foundation/form/numberfield"
                        fieldDescription="Enter age in the desired box"
                        fieldLabel="Enter age"
                        name="./age"/>
                    <mstatus
                        jcr:primaryType="nt:unstructured"
                        sling:resourceType="/libs/granite/ui/components/coral/foundation/form/radiogroup"
                        fieldDescription="Enter marital status in the desired box"
                        fieldLabel="Enter marital status"
                        name="./mstatus">
                        <items jcr:primaryType="nt:unstructured">
                            <married
                                jcr:primaryType="nt:unstructured"
                                text="Married"
                                value="Married"/>
                            <single
                                jcr:primaryType="nt:unstructured"
                                text="Single"
                                value="Single"/>
                        </items>
                    </mstatus>
                    <theme
                        jcr:primaryType="nt:unstructured"
                        sling:resourceType="/libs/granite/ui/components/coral/foundation/form/colorfield"
                        fieldDescription="Select color for theme"
                        fieldLabel="Chose color theme"
                        name="./theme"/>
                    <country
                        jcr:primaryType="nt:unstructured"
                        sling:resourceType="/libs/granite/ui/components/coral/foundation/form/select"
                        fieldDescription="Chose country using dropdown"
                        fieldLabel="Chose country"
                        name="./country">
                        <items jcr:primaryType="nt:unstructured">
                            <india
                                jcr:primaryType="nt:unstructured"
                                text="India"
                                value="india"/>
                            <japan
                                jcr:primaryType="nt:unstructured"
                                text="Japan"
                                value="japan"/>
                        </items>
                    </country>
                    <news
                        cq:showOnCreate="{Boolean}true"
                        jcr:primaryType="nt:unstructured"
                        sling:resourceType="/libs/granite/ui/components/coral/foundation/form/checkbox"
                        name="./news"
                        text="Would you like to receive News Letters?"
                        uncheckedValue="{Boolean}false"
                        value="Yes"/>
                </items>
            </column2>
        </items>
    </content>
</jcr:root>
