<?xml version="1.0" encoding="UTF-8"?>
<jcr:root xmlns:sling="http://sling.apache.org/jcr/sling/1.0" xmlns:cq="http://www.day.com/jcr/cq/1.0" xmlns:jcr="http://www.jcp.org/jcr/1.0" xmlns:nt="http://www.jcp.org/jcr/nt/1.0"
    jcr:primaryType="nt:unstructured"
    jcr:title="Enter the Details"
    sling:resourceType="cq/gui/components/authoring/dialog">
    <content
        jcr:primaryType="nt:unstructured"
        sling:resourceType="granite/ui/components/coral/foundation/container">
        <items jcr:primaryType="nt:unstructured">
            <Logo
                jcr:primaryType="nt:unstructured"
                jcr:title="Click to expand"
                sling:resourceType="granite/ui/components/coral/foundation/well"
                name="./logo">
                <parentConfig
                    jcr:primaryType="nt:unstructured"
                    active="{Boolean}true"/>
                <items jcr:primaryType="nt:unstructured">
                    <logo
                        jcr:primaryType="nt:unstructured"
                        sling:resourceType="/libs/granite/ui/components/coral/foundation/form/pathfield"
                        fieldDescription="Path to the logo file in DAM"
                        fieldLabel="Logo"
                        name="./logo/fileReference"
                        rootPath="/content/dam"/>
                    <logoLink
                        jcr:primaryType="nt:unstructured"
                        sling:resourceType="/libs/cq/gui/components/coral/common/form/pagefield"
                        fieldDescription="Make the image a link to another resource"
                        fieldLabel="Link"
                        name="./logo/logoLink"
                        rootPath="/content"/>
                    <logoAlt
                        jcr:primaryType="nt:unstructured"
                        sling:resourceType="/libs/granite/ui/components/coral/foundation/form/textfield"
                        fieldDescription="Textual alternative of the meaning or function of the image, for visually impaired readers"
                        fieldLabel="Alternative Text"
                        name="./logo/logoAlt"/>
                </items>
            </Logo>
            <Footer_x0020_Links
                jcr:primaryType="nt:unstructured"
                sling:resourceType="/libs/granite/ui/components/coral/foundation/form/multifield"
                composite="{Boolean}true"
                fieldLabel="Footer Links">
                <field
                    jcr:primaryType="nt:unstructured"
                    sling:resourceType="granite/ui/components/coral/foundation/container"
                    name="./footerlinks">
                    <items jcr:primaryType="nt:unstructured">
                        <text
                            jcr:primaryType="nt:unstructured"
                            sling:resourceType="/libs/granite/ui/components/coral/foundation/form/textfield"
                            emptyText="Text"
                            fieldDescription="Provide the link text visible on the page"
                            fieldLabel="Text"
                            name="./text"/>
                        <link
                            jcr:primaryType="nt:unstructured"
                            sling:resourceType="/libs/cq/gui/components/coral/common/form/pagefield"
                            emptyText="Link"
                            fieldDescription="Provide the path or absolute URL of the links"
                            fieldLabel="Link"
                            name="./link"
                            rootPath="/content"/>
                        <linkType
                            jcr:primaryType="nt:unstructured"
                            sling:resourceType="/libs/granite/ui/components/coral/foundation/form/select"
                            fieldDescription="Determines whether the link opens in the same tab or a different tab"
                            fieldLabel="Link Type"
                            name="./linkType">
                            <items jcr:primaryType="nt:unstructured">
                                <same
                                    jcr:primaryType="nt:unstructured"
                                    text="Same Tab"
                                    value="_self"/>
                                <new
                                    jcr:primaryType="nt:unstructured"
                                    text="New Tab"
                                    value="_blank"/>
                            </items>
                        </linkType>
                        <tooltip
                            jcr:primaryType="nt:unstructured"
                            sling:resourceType="/libs/granite/ui/components/coral/foundation/form/textfield"
                            emptyText="Tooltip"
                            fieldDescription="Link descriptive text that shows up on hover of the link."
                            fieldLabel="Tooltip"
                            name="./tooltip"/>
                    </items>
                </field>
            </Footer_x0020_Links>
        </items>
    </content>
</jcr:root>
