<?xml version="1.0" encoding="UTF-8"?>
<jcr:root xmlns:sling="http://sling.apache.org/jcr/sling/1.0" xmlns:cq="http://www.day.com/jcr/cq/1.0" xmlns:jcr="http://www.jcp.org/jcr/1.0" xmlns:nt="http://www.jcp.org/jcr/nt/1.0"
    jcr:primaryType="nt:unstructured"
    jcr:title="Add Recipes"
    sling:resourceType="cq/gui/components/authoring/dialog">
    <content
        jcr:primaryType="nt:unstructured"
        sling:resourceType="granite/ui/components/coral/foundation/container">
        <items jcr:primaryType="nt:unstructured">
            <recipe
                jcr:primaryType="nt:unstructured"
                sling:resourceType="/libs/granite/ui/components/coral/foundation/form/multifield"
                composite="{Boolean}true"
                fieldLabel="Add Recipe">
                <field
                    jcr:primaryType="nt:unstructured"
                    sling:resourceType="granite/ui/components/coral/foundation/container"
                    name="./recipe">
                    <items jcr:primaryType="nt:unstructured">
                        <name
                            jcr:primaryType="nt:unstructured"
                            sling:resourceType="/libs/granite/ui/components/coral/foundation/form/textfield"
                            fieldDescription="Enter Recipe Name"
                            fieldLabel="Recipe Name"
                            name="./rname"/>
                        <imagePath
                            jcr:primaryType="nt:unstructured"
                            sling:resourceType="granite/ui/components/coral/foundation/form/pathfield"
                            fieldDescription="Provide the path of Recipe Image"
                            fieldLabel="Recipe Image"
                            name="./imagePath"
                            root="/content/dam"/>
                        <ingredients
                            jcr:primaryType="nt:unstructured"
                            sling:resourceType="/libs/granite/ui/components/coral/foundation/form/multifield"
                            fieldLabel="Add Ingredients">
                            <field
                                jcr:primaryType="nt:unstructured"
                                sling:resourceType="/libs/granite/ui/components/coral/foundation/form/textfield"
                                fieldDescription="Enter Ingredients Name"
                                fieldLabel="Ingredients Name"
                                name="./iname"/>
                        </ingredients>
                    </items>
                </field>
            </recipe>
        </items>
    </content>
</jcr:root>
