<?xml version="1.0" encoding="UTF-8"?>
<jcr:root xmlns:sling="http://sling.apache.org/jcr/sling/1.0" xmlns:cq="http://www.day.com/jcr/cq/1.0" xmlns:jcr="http://www.jcp.org/jcr/1.0" xmlns:nt="http://www.jcp.org/jcr/nt/1.0"
    jcr:primaryType="nt:unstructured"
    jcr:title="Enter the Details"
    sling:resourceType="cq/gui/components/authoring/dialog">
    <content
        jcr:primaryType="nt:unstructured"
        sling:resourceType="granite/ui/components/coral/foundation/container">
        <items jcr:primaryType="nt:unstructured">
            <tabs
                jcr:primaryType="nt:unstructured"
                sling:resourceType="granite/ui/components/coral/foundation/tabs"
                maximized="{Boolean}true">
                <items jcr:primaryType="nt:unstructured">
                    <audioDetails
                        jcr:primaryType="nt:unstructured"
                        jcr:title="Audio Details"
                        sling:resourceType="granite/ui/components/coral/foundation/container"
                        fieldLabel="Audio Details">
                        <items jcr:primaryType="nt:unstructured">
                            <id
                                jcr:primaryType="nt:unstructured"
                                sling:resourceType="/libs/granite/ui/components/coral/foundation/form/textfield"
                                fieldDescription="HTML ID attribute to apply to the component"
                                fieldLabel="ID"
                                name="./id"/>
                            <audioFile
                                jcr:primaryType="nt:unstructured"
                                sling:resourceType="/libs/granite/ui/components/coral/foundation/form/pathfield"
                                fieldDescription="Path of the Audio"
                                fieldLabel="Audio File"
                                name="./audioPlay/audioFile"/>
                            <showBackgroundImage
                                jcr:primaryType="nt:unstructured"
                                sling:resourceType="/libs/granite/ui/components/coral/foundation/form/checkbox"
                                name="./showBackgroundImage"
                                text="Show Background Image"
                                uncheckedValue="{Boolean}false"
                                value="{Boolean}true"/>
                        </items>
                    </audioDetails>
                    <transcriptLink
                        jcr:primaryType="nt:unstructured"
                        jcr:title="Transcript Link"
                        sling:resourceType="granite/ui/components/coral/foundation/container"
                        fieldLabel="Transcript Link">
                        <items jcr:primaryType="nt:unstructured">
                            <transcriptLinkText
                                jcr:primaryType="nt:unstructured"
                                sling:resourceType="/libs/granite/ui/components/coral/foundation/form/textfield"
                                emptyText="Text"
                                fieldDescription="Provide the transcript link text"
                                fieldLabel=" Audio Transcript Link Text"
                                name="./transcript/transcriptLinkText"/>
                            <transcriptLink
                                jcr:primaryType="nt:unstructured"
                                sling:resourceType="/libs/granite/ui/components/coral/foundation/form/pathfield"
                                fieldDescription="Provide the path or absolute URL of the transcript link."
                                fieldLabel="AudioTranscript Link"
                                name="./transcript/transcriptLink"/>
                            <transcriptAriaLabel
                                jcr:primaryType="nt:unstructured"
                                sling:resourceType="/libs/granite/ui/components/coral/foundation/form/textfield"
                                fieldDescription="Enter transcript link aria label."
                                fieldLabel="Audio Transcript Aria label"
                                name="./transcript/transcriptAriaLabel"/>
                            <transcriptLinkTooltip
                                jcr:primaryType="nt:unstructured"
                                sling:resourceType="/libs/granite/ui/components/coral/foundation/form/textfield"
                                fieldDescription="Enter transcript link tool tip."
                                fieldLabel="Audio Transcript Link Tool Tip"
                                name="./transcript/transcriptLinkTooltip"/>
                            <transcriptLinkTarget
                                cq:showOnCreate="{Boolean}true"
                                jcr:primaryType="nt:unstructured"
                                sling:resourceType="/libs/granite/ui/components/coral/foundation/form/select"
                                fieldDescription="Select transcript link target from the available options."
                                fieldLabel="Audio Transcript Link Target"
                                name="./transcript/transcriptLinkTarget">
                                <items jcr:primaryType="nt:unstructured">
                                    <sameTab
                                        jcr:primaryType="nt:unstructured"
                                        text="Same Tab"
                                        value="_self"/>
                                    <newTab
                                        jcr:primaryType="nt:unstructured"
                                        text="New Tab"
                                        value="_blank"/>
                                </items>
                            </transcriptLinkTarget>
                        </items>
                    </transcriptLink>
                </items>
            </tabs>
        </items>
    </content>
</jcr:root>
