<?xml version="1.0" encoding="UTF-8"?>
<jcr:root xmlns:sling="http://sling.apache.org/jcr/sling/1.0" xmlns:cq="http://www.day.com/jcr/cq/1.0" xmlns:jcr="http://www.jcp.org/jcr/1.0" xmlns:nt="http://www.jcp.org/jcr/nt/1.0"
    jcr:primaryType="nt:unstructured"
    jcr:title="MultiField"
    sling:resourceType="/libs/cq/gui/components/authoring/dialog">
    <content
        jcr:primaryType="nt:unstructured"
        sling:resourceType="/libs/granite/ui/components/coral/foundation/container">
        <items jcr:primaryType="nt:unstructured">
            <tabs
                jcr:primaryType="nt:unstructured"
                sling:resourceType="/libs/granite/ui/components/coral/foundation/tabs">
                <items jcr:primaryType="nt:unstructured">
                    <tab1
                        jcr:primaryType="nt:unstructured"
                        jcr:title="tab1"
                        sling:resourceType="/libs/granite/ui/components/coral/foundation/container">
                        <items jcr:primaryType="nt:unstructured">
                            <colors
                                jcr:primaryType="nt:unstructured"
                                sling:resourceType="/libs/granite/ui/components/coral/foundation/form/multifield"
                                fieldLabel="colors">
                                <field
                                    jcr:primaryType="nt:unstructured"
                                    sling:resourceType="/libs/granite/ui/components/coral/foundation/form/textfield"
                                    name="./colors"/>
                            </colors>
                        </items>
                    </tab1>
                </items>
            </tabs>
        </items>
    </content>
</jcr:root>
