<?xml version="1.0" encoding="UTF-8"?>
<jcr:root xmlns:sling="http://sling.apache.org/jcr/sling/1.0" xmlns:cq="http://www.day.com/jcr/cq/1.0" xmlns:jcr="http://www.jcp.org/jcr/1.0" xmlns:nt="http://www.jcp.org/jcr/nt/1.0"
    jcr:primaryType="nt:unstructured"
    jcr:title="Hello User Dialog"
    sling:resourceType="/libs/cq/gui/components/authoring/dialog">
    <content
        jcr:primaryType="nt:unstructured"
        sling:resourceType="/libs/granite/ui/components/coral/foundation/fixedcolumns">
        <items jcr:primaryType="nt:unstructured">
            <column1
                jcr:primaryType="nt:unstructured"
                sling:resourceType="/libs/granite/ui/components/coral/foundation/container">
                <items jcr:primaryType="nt:unstructured">
                    <tabs
                        jcr:primaryType="nt:unstructured"
                        jcr:title="Tab1"
                        sling:resourceType="/libs/granite/ui/components/coral/foundation/tabs">
                        <items jcr:primaryType="nt:unstructured">
                            <tab1
                                jcr:primaryType="nt:unstructured"
                                jcr:title="genral"
                                sling:resourceType="/libs/granite/ui/components/coral/foundation/container"
                                fieldLabel="genral">
                                <items jcr:primaryType="nt:unstructured">
                                    <id
                                        jcr:primaryType="nt:unstructured"
                                        jcr:title="Enter id"
                                        sling:resourceType="/libs/granite/ui/components/coral/foundation/form/textfield"
                                        fieldLabel="Enter id"/>
                                    <date
                                        jcr:primaryType="nt:unstructured"
                                        sling:resourceType="/libs/granite/ui/components/coral/foundation/form/datepicker"
                                        fieldDescription="Enter date of birth in the desired box"
                                        fieldLabel="Enter DOB"
                                        name="./date"/>
                                    <email
                                        jcr:primaryType="nt:unstructured"
                                        jcr:title="Enter email Id"
                                        sling:resourceType="/libs/granite/ui/components/coral/foundation/form/textfield"
                                        fieldLabel="Enter email Id"/>
                                </items>
                            </tab1>
                            <tab2
                                jcr:primaryType="nt:unstructured"
                                jcr:title="technical"
                                sling:resourceType="/libs/granite/ui/components/coral/foundation/container">
                                <items jcr:primaryType="nt:unstructured">
                                    <skills
                                        jcr:primaryType="nt:unstructured"
                                        jcr:title="Text"
                                        sling:resourceType="/libs/granite/ui/components/coral/foundation/form/textfield"
                                        fieldLabel="Enter skill"/>
                                    <wname
                                        jcr:primaryType="nt:unstructured"
                                        jcr:title="Enter website name"
                                        sling:resourceType="/libs/granite/ui/components/coral/foundation/form/textfield"
                                        fieldLabel="Enter website  name"/>
                                    <details
                                        jcr:primaryType="nt:unstructured"
                                        sling:resourceType="/libs/granite/ui/components/coral/foundation/form/textarea"
                                        fieldDescription="Enter website details here"
                                        fieldLabel="Enter website details"
                                        name="./details"/>
                                </items>
                            </tab2>
                            <tab3
                                jcr:primaryType="nt:unstructured"
                                jcr:title="personal"
                                sling:resourceType="/libs/granite/ui/components/coral/foundation/container"
                                fieldLabel="personal">
                                <items jcr:primaryType="nt:unstructured">
                                    <bgroup
                                        jcr:primaryType="nt:unstructured"
                                        jcr:title="Enter blood group"
                                        sling:resourceType="/libs/granite/ui/components/coral/foundation/form/textfield"
                                        fieldLabel="Enter blood group"/>
                                    <mstatus
                                        jcr:primaryType="nt:unstructured"
                                        sling:resourceType="/libs/granite/ui/components/coral/foundation/form/radiogroup"
                                        fieldDescription="Enter marital status in the desired box"
                                        fieldLabel="Enter marital status"
                                        name="./mstatus">
                                        <items jcr:primaryType="nt:unstructured">
                                            <married
                                                jcr:primaryType="nt:unstructured"
                                                text="Married"/>
                                            <single
                                                jcr:primaryType="nt:unstructured"
                                                text="Single"/>
                                        </items>
                                    </mstatus>
                                </items>
                            </tab3>
                        </items>
                    </tabs>
                </items>
            </column1>
        </items>
    </content>
</jcr:root>
